timestamp, power.draw [W]
2026/09/01 22:46:30.782, 46.84 W
2026/09/01 22:46:31.783, 45.99 W
2026/09/01 22:46:32.784, 46.88 W
2026/09/01 22:46:33.784, 44.10 W
2026/09/01 22:46:34.784, 45.83 W
2026/09/01 22:46:35.784, 44.80 W
2026/09/01 22:46:36.785, 46.62 W
2026/09/01 22:46:37.785, 44.72 W
2026/09/01 22:46:38.785, 46.39 W
2026/09/01 22:46:39.785, 45.34 W
2026/09/01 22:46:40.786, 45.96 W
2026/09/01 22:46:41.786, 46.13 W
2026/09/01 22:46:42.786, 45.41 W
2026/09/01 22:46:43.786, 46.60 W
2026/09/01 22:46:44.786, 45.10 W
2026/09/01 22:46:45.787, 46.83 W
2026/09/01 22:46:46.787, 48.14 W
2026/09/01 22:46:47.787, 45.86 W
2026/09/01 22:46:48.787, 46.83 W
2026/09/01 22:46:49.788, 48.55 W
2026/09/01 22:46:50.788, 45.85 W
2026/09/01 22:46:51.788, 46.75 W
2026/09/01 22:46:52.789, 48.90 W
2026/09/01 22:46:53.789, 48.56 W
2026/09/01 22:46:54.789, 49.89 W
2026/09/01 22:46:55.789, 48.49 W
2026/09/01 22:46:56.790, 49.08 W
2026/09/01 22:46:57.790, 50.28 W
2026/09/01 22:46:58.790, 50.30 W
2026/09/01 22:46:59.791, 50.20 W
2026/09/01 22:47:00.791, 47.92 W
2026/09/01 22:47:01.791, 46.78 W
2026/09/01 22:47:02.791, 54.87 W
2026/09/01 22:47:03.792, 53.47 W
2026/09/01 22:47:04.792, 56.20 W
2026/09/01 22:47:05.792, 53.76 W
2026/09/01 22:47:06.792, 55.54 W
2026/09/01 22:47:07.792, 54.34 W
2026/09/01 22:47:08.792, 54.97 W
2026/09/01 22:47:09.793, 55.37 W
2026/09/01 22:47:10.793, 54.51 W
2026/09/01 22:47:11.793, 56.09 W
2026/09/01 22:47:12.793, 53.74 W
2026/09/01 22:47:13.794, 56.46 W
2026/09/01 22:47:14.794, 53.51 W
2026/09/01 22:47:15.794, 56.76 W
2026/09/01 22:47:16.794, 53.50 W
2026/09/01 22:47:17.794, 56.53 W
2026/09/01 22:47:18.794, 53.86 W
2026/09/01 22:47:19.795, 56.64 W
2026/09/01 22:47:20.795, 53.73 W
2026/09/01 22:47:21.795, 56.63 W
2026/09/01 22:47:22.795, 48.55 W
2026/09/01 22:47:23.795, 49.44 W
2026/09/01 22:47:24.796, 47.05 W
2026/09/01 22:47:25.796, 52.67 W
2026/09/01 22:47:26.796, 50.21 W
2026/09/01 22:47:27.796, 53.85 W
2026/09/01 22:47:28.796, 50.71 W
2026/09/01 22:47:29.796, 53.62 W
2026/09/01 22:47:30.797, 52.09 W
2026/09/01 22:47:31.797, 52.24 W
2026/09/01 22:47:32.797, 53.89 W
2026/09/01 22:47:33.797, 50.94 W
2026/09/01 22:47:34.797, 53.46 W
2026/09/01 22:47:35.798, 51.18 W
2026/09/01 22:47:36.798, 53.67 W
2026/09/01 22:47:37.798, 51.59 W
2026/09/01 22:47:38.798, 54.97 W
2026/09/01 22:47:39.799, 55.95 W
2026/09/01 22:47:40.799, 58.03 W
2026/09/01 22:47:41.799, 56.06 W
2026/09/01 22:47:42.800, 56.87 W
2026/09/01 22:47:43.800, 57.08 W
2026/09/01 22:47:44.800, 57.33 W
2026/09/01 22:47:45.800, 57.01 W
2026/09/01 22:47:46.801, 56.74 W
2026/09/01 22:47:47.801, 57.89 W
2026/09/01 22:47:48.801, 55.73 W
2026/09/01 22:47:49.801, 58.62 W
2026/09/01 22:47:50.801, 55.59 W
2026/09/01 22:47:51.802, 58.46 W
2026/09/01 22:47:52.802, 55.38 W
2026/09/01 22:47:53.802, 58.66 W
2026/09/01 22:47:54.802, 55.65 W
2026/09/01 22:47:55.802, 58.46 W
2026/09/01 22:47:56.802, 55.59 W
2026/09/01 22:47:57.803, 58.69 W
2026/09/01 22:47:58.803, 49.75 W
2026/09/01 22:47:59.803, 50.11 W
2026/09/01 22:48:00.803, 47.62 W
2026/09/01 22:48:01.804, 52.43 W
2026/09/01 22:48:02.804, 51.67 W
2026/09/01 22:48:03.804, 53.83 W
2026/09/01 22:48:04.804, 52.06 W
2026/09/01 22:48:05.805, 53.71 W
2026/09/01 22:48:06.805, 52.18 W
2026/09/01 22:48:07.805, 54.12 W
2026/09/01 22:48:08.805, 52.92 W
2026/09/01 22:48:09.805, 52.77 W
2026/09/01 22:48:10.806, 53.97 W
2026/09/01 22:48:11.806, 51.86 W
2026/09/01 22:48:12.806, 53.78 W
2026/09/01 22:48:13.806, 51.83 W
2026/09/01 22:48:14.807, 54.14 W
2026/09/01 22:48:15.807, 52.12 W
2026/09/01 22:48:16.807, 53.82 W
2026/09/01 22:48:17.807, 53.04 W
2026/09/01 22:48:18.808, 52.56 W
2026/09/01 22:48:19.808, 56.65 W
2026/09/01 22:48:20.808, 62.75 W
2026/09/01 22:48:21.808, 66.85 W
2026/09/01 22:48:22.808, 63.35 W
2026/09/01 22:48:23.809, 67.88 W
2026/09/01 22:48:24.809, 63.99 W
2026/09/01 22:48:25.809, 68.21 W
2026/09/01 22:48:26.809, 63.62 W
2026/09/01 22:48:27.810, 67.92 W
2026/09/01 22:48:28.810, 63.71 W
2026/09/01 22:48:29.810, 68.25 W
2026/09/01 22:48:30.810, 63.64 W
2026/09/01 22:48:31.810, 68.29 W
2026/09/01 22:48:32.811, 65.13 W
2026/09/01 22:48:33.811, 66.58 W
2026/09/01 22:48:34.811, 65.94 W
2026/09/01 22:48:35.812, 65.78 W
2026/09/01 22:48:36.812, 67.03 W
2026/09/01 22:48:37.812, 64.54 W
2026/09/01 22:48:38.813, 68.03 W
2026/09/01 22:48:39.813, 58.71 W
2026/09/01 22:48:40.813, 49.40 W
2026/09/01 22:48:41.814, 49.30 W
2026/09/01 22:48:42.814, 48.65 W
2026/09/01 22:48:43.814, 50.51 W
2026/09/01 22:48:44.815, 50.34 W
2026/09/01 22:48:45.815, 49.16 W
2026/09/01 22:48:46.815, 51.10 W
2026/09/01 22:48:47.815, 48.30 W
2026/09/01 22:48:48.816, 51.06 W
2026/09/01 22:48:49.816, 48.84 W
2026/09/01 22:48:50.816, 50.93 W
2026/09/01 22:48:51.817, 48.97 W
2026/09/01 22:48:52.817, 50.04 W
2026/09/01 22:48:53.817, 50.49 W
2026/09/01 22:48:54.817, 48.90 W
2026/09/01 22:48:55.818, 50.97 W
2026/09/01 22:48:56.818, 48.54 W
2026/09/01 22:48:57.818, 51.00 W
2026/09/01 22:48:58.819, 48.63 W
2026/09/01 22:48:59.819, 50.38 W
2026/09/01 22:49:00.819, 48.83 W
2026/09/01 22:49:01.820, 49.49 W
2026/09/01 22:49:02.820, 49.60 W
2026/09/01 22:49:03.820, 48.13 W
2026/09/01 22:49:04.820, 50.30 W
2026/09/01 22:49:05.821, 47.97 W
2026/09/01 22:49:06.821, 50.29 W
2026/09/01 22:49:07.822, 47.98 W
2026/09/01 22:49:08.822, 50.05 W
2026/09/01 22:49:09.822, 49.08 W
2026/09/01 22:49:10.823, 49.23 W
2026/09/01 22:49:11.823, 50.21 W
2026/09/01 22:49:12.823, 47.56 W
2026/09/01 22:49:13.823, 49.92 W
2026/09/01 22:49:14.824, 47.72 W
2026/09/01 22:49:15.824, 50.09 W
2026/09/01 22:49:16.824, 47.31 W
2026/09/01 22:49:17.825, 49.82 W
2026/09/01 22:49:18.825, 49.24 W
2026/09/01 22:49:19.825, 48.98 W
2026/09/01 22:49:20.826, 50.31 W
2026/09/01 22:49:21.826, 48.05 W
2026/09/01 22:49:22.827, 49.93 W
2026/09/01 22:49:23.827, 48.15 W
2026/09/01 22:49:24.828, 50.32 W
2026/09/01 22:49:25.828, 48.19 W
2026/09/01 22:49:26.829, 49.51 W
2026/09/01 22:49:27.829, 49.67 W
2026/09/01 22:49:28.830, 48.58 W
2026/09/01 22:49:29.830, 50.08 W
2026/09/01 22:49:30.830, 48.08 W
2026/09/01 22:49:31.831, 50.15 W
2026/09/01 22:49:32.832, 47.52 W
2026/09/01 22:49:33.832, 50.20 W
2026/09/01 22:49:34.833, 48.70 W
2026/09/01 22:49:35.833, 49.58 W
2026/09/01 22:49:36.834, 49.90 W
2026/09/01 22:49:37.834, 48.21 W
2026/09/01 22:49:38.835, 50.21 W
2026/09/01 22:49:39.835, 48.01 W
2026/09/01 22:49:40.836, 50.19 W
2026/09/01 22:49:41.836, 48.04 W
2026/09/01 22:49:42.836, 49.85 W
2026/09/01 22:49:43.836, 48.90 W
2026/09/01 22:49:44.837, 48.96 W
2026/09/01 22:49:45.837, 49.93 W
2026/09/01 22:49:46.837, 47.98 W
2026/09/01 22:49:47.837, 50.29 W
2026/09/01 22:49:48.838, 47.84 W
2026/09/01 22:49:49.838, 50.18 W
2026/09/01 22:49:50.839, 48.19 W
2026/09/01 22:49:51.839, 50.12 W
2026/09/01 22:49:52.840, 48.69 W
2026/09/01 22:49:53.840, 48.40 W
2026/09/01 22:49:54.840, 50.17 W
2026/09/01 22:49:55.840, 47.81 W
2026/09/01 22:49:56.841, 50.24 W
2026/09/01 22:49:57.841, 47.99 W
2026/09/01 22:49:58.841, 50.15 W
2026/09/01 22:49:59.841, 48.41 W
2026/09/01 22:50:00.841, 49.58 W
2026/09/01 22:50:01.842, 49.59 W
2026/09/01 22:50:02.842, 48.19 W
2026/09/01 22:50:03.843, 58.40 W
2026/09/01 22:50:04.843, 56.52 W
2026/09/01 22:50:05.844, 59.69 W
2026/09/01 22:50:06.844, 56.30 W
2026/09/01 22:50:07.845, 59.63 W
2026/09/01 22:50:08.845, 56.24 W
2026/09/01 22:50:09.846, 59.67 W
2026/09/01 22:50:10.846, 56.16 W
2026/09/01 22:50:11.847, 59.14 W
2026/09/01 22:50:12.847, 56.84 W
2026/09/01 22:50:13.847, 57.75 W
2026/09/01 22:50:14.848, 58.05 W
2026/09/01 22:50:15.849, 57.78 W
2026/09/01 22:50:16.849, 59.23 W
2026/09/01 22:50:17.849, 56.62 W
2026/09/01 22:50:18.850, 59.79 W
2026/09/01 22:50:19.850, 56.36 W
2026/09/01 22:50:20.850, 59.85 W
2026/09/01 22:50:21.851, 56.77 W
2026/09/01 22:50:22.851, 59.81 W
2026/09/01 22:50:23.851, 48.37 W
2026/09/01 22:50:24.852, 49.74 W
2026/09/01 22:50:25.852, 47.44 W
2026/09/01 22:50:26.852, 50.10 W
2026/09/01 22:50:27.852, 48.67 W
2026/09/01 22:50:28.853, 50.96 W
2026/09/01 22:50:29.853, 48.56 W
2026/09/01 22:50:30.853, 51.00 W
2026/09/01 22:50:31.853, 48.43 W
2026/09/01 22:50:32.854, 50.90 W
2026/09/01 22:50:33.854, 49.75 W
2026/09/01 22:50:34.854, 49.81 W
2026/09/01 22:50:35.854, 50.56 W
2026/09/01 22:50:36.855, 48.65 W
2026/09/01 22:50:37.855, 50.83 W
2026/09/01 22:50:38.855, 48.58 W
2026/09/01 22:50:39.855, 50.07 W
2026/09/01 22:50:40.856, 48.83 W
2026/09/01 22:50:41.856, 50.90 W
2026/09/01 22:50:42.856, 49.49 W
2026/09/01 22:50:43.856, 49.61 W
2026/09/01 22:50:44.856, 50.51 W
2026/09/01 22:50:45.857, 48.62 W
2026/09/01 22:50:46.857, 50.92 W
2026/09/01 22:50:47.857, 48.51 W
2026/09/01 22:50:48.857, 50.88 W
2026/09/01 22:50:49.858, 48.39 W
2026/09/01 22:50:50.858, 50.82 W
2026/09/01 22:50:51.858, 49.84 W
2026/09/01 22:50:52.859, 48.84 W
2026/09/01 22:50:53.859, 50.51 W
2026/09/01 22:50:54.859, 48.36 W
2026/09/01 22:50:55.860, 50.83 W
2026/09/01 22:50:56.860, 48.50 W
2026/09/01 22:50:57.860, 50.99 W
2026/09/01 22:50:58.860, 48.68 W
2026/09/01 22:50:59.861, 50.23 W
2026/09/01 22:51:00.861, 49.94 W
2026/09/01 22:51:01.861, 49.08 W
2026/09/01 22:51:02.861, 51.03 W
2026/09/01 22:51:03.862, 48.54 W
2026/09/01 22:51:04.862, 50.95 W
2026/09/01 22:51:05.862, 48.65 W
2026/09/01 22:51:06.862, 50.14 W
2026/09/01 22:51:07.862, 49.10 W
2026/09/01 22:51:08.862, 50.18 W
2026/09/01 22:51:09.863, 49.82 W
2026/09/01 22:51:10.863, 48.72 W
2026/09/01 22:51:11.863, 51.03 W
2026/09/01 22:51:12.863, 48.54 W
2026/09/01 22:51:13.864, 51.01 W
2026/09/01 22:51:14.864, 48.75 W
2026/09/01 22:51:15.864, 50.84 W
2026/09/01 22:51:16.865, 49.64 W
2026/09/01 22:51:17.865, 49.78 W
2026/09/01 22:51:18.865, 50.81 W
2026/09/01 22:51:19.865, 48.19 W
2026/09/01 22:51:20.866, 51.06 W
2026/09/01 22:51:21.866, 48.91 W
2026/09/01 22:51:22.866, 51.07 W
2026/09/01 22:51:23.866, 48.89 W
2026/09/01 22:51:24.867, 51.01 W
2026/09/01 22:51:25.867, 49.88 W
2026/09/01 22:51:26.867, 49.78 W
2026/09/01 22:51:27.867, 51.09 W
2026/09/01 22:51:28.867, 48.58 W
2026/09/01 22:51:29.868, 50.95 W
2026/09/01 22:51:30.868, 48.73 W
2026/09/01 22:51:31.868, 50.82 W
2026/09/01 22:51:32.868, 48.14 W
2026/09/01 22:51:33.868, 50.43 W
2026/09/01 22:51:34.869, 50.19 W
2026/09/01 22:51:35.869, 49.25 W
2026/09/01 22:51:36.869, 51.10 W
2026/09/01 22:51:37.870, 48.86 W
2026/09/01 22:51:38.870, 51.06 W
2026/09/01 22:51:39.870, 49.18 W
2026/09/01 22:51:40.870, 51.16 W
2026/09/01 22:51:41.870, 49.58 W
2026/09/01 22:51:42.871, 49.67 W
2026/09/01 22:51:43.871, 50.93 W
2026/09/01 22:51:44.871, 48.69 W
2026/09/01 22:51:45.871, 50.76 W
2026/09/01 22:51:46.871, 47.94 W
2026/09/01 22:51:47.872, 51.07 W
2026/09/01 22:51:48.872, 48.84 W
2026/09/01 22:51:49.872, 51.08 W
2026/09/01 22:51:50.873, 49.92 W
2026/09/01 22:51:51.873, 49.39 W
2026/09/01 22:51:52.873, 51.08 W
2026/09/01 22:51:53.874, 48.63 W
2026/09/01 22:51:54.874, 51.12 W
2026/09/01 22:51:55.874, 48.87 W
2026/09/01 22:51:56.874, 51.10 W
2026/09/01 22:51:57.874, 49.25 W
2026/09/01 22:51:58.875, 50.62 W
2026/09/01 22:51:59.875, 49.71 W
2026/09/01 22:52:00.875, 49.22 W
2026/09/01 22:52:01.875, 51.19 W
2026/09/01 22:52:02.876, 48.55 W
2026/09/01 22:52:03.876, 51.08 W
2026/09/01 22:52:04.876, 48.70 W
2026/09/01 22:52:05.876, 50.91 W
2026/09/01 22:52:06.877, 49.26 W
2026/09/01 22:52:07.877, 49.81 W
2026/09/01 22:52:08.877, 50.76 W
2026/09/01 22:52:09.877, 49.14 W
2026/09/01 22:52:10.877, 51.14 W
2026/09/01 22:52:11.878, 48.88 W
2026/09/01 22:52:12.878, 53.12 W
2026/09/01 22:52:13.878, 64.14 W
2026/09/01 22:52:14.878, 68.34 W
2026/09/01 22:52:15.879, 64.31 W
2026/09/01 22:52:16.879, 68.30 W
2026/09/01 22:52:17.879, 65.39 W
2026/09/01 22:52:18.879, 67.16 W
2026/09/01 22:52:19.879, 66.87 W
2026/09/01 22:52:20.879, 65.83 W
2026/09/01 22:52:21.879, 68.41 W
2026/09/01 22:52:22.880, 64.60 W
2026/09/01 22:52:23.880, 68.54 W
2026/09/01 22:52:24.880, 64.21 W
2026/09/01 22:52:25.880, 68.59 W
2026/09/01 22:52:26.880, 64.28 W
2026/09/01 22:52:27.881, 68.71 W
2026/09/01 22:52:28.881, 64.90 W
2026/09/01 22:52:29.881, 68.48 W
2026/09/01 22:52:30.882, 65.17 W
2026/09/01 22:52:31.882, 67.23 W
2026/09/01 22:52:32.882, 63.68 W
2026/09/01 22:52:33.883, 48.80 W
2026/09/01 22:52:34.883, 48.05 W
2026/09/01 22:52:35.884, 49.98 W
2026/09/01 22:52:36.884, 47.68 W
2026/09/01 22:52:37.884, 50.14 W
2026/09/01 22:52:38.885, 47.89 W
2026/09/01 22:52:39.885, 49.67 W
2026/09/01 22:52:40.886, 48.99 W
2026/09/01 22:52:41.886, 48.47 W
2026/09/01 22:52:42.887, 50.05 W
2026/09/01 22:52:43.887, 47.89 W
2026/09/01 22:52:44.887, 49.90 W
2026/09/01 22:52:45.888, 47.74 W
2026/09/01 22:52:46.888, 49.72 W
2026/09/01 22:52:47.888, 47.91 W
2026/09/01 22:52:48.888, 49.59 W
2026/09/01 22:52:49.888, 49.27 W
2026/09/01 22:52:50.888, 48.30 W
2026/09/01 22:52:51.889, 49.97 W
2026/09/01 22:52:52.889, 47.56 W
2026/09/01 22:52:53.889, 49.87 W
2026/09/01 22:52:54.889, 47.82 W
2026/09/01 22:52:55.889, 49.93 W
2026/09/01 22:52:56.890, 48.18 W
2026/09/01 22:52:57.890, 49.23 W
2026/09/01 22:52:58.890, 49.60 W
2026/09/01 22:52:59.890, 47.83 W
2026/09/01 22:53:00.891, 49.81 W
2026/09/01 22:53:01.891, 47.44 W
2026/09/01 22:53:02.892, 48.94 W
2026/09/01 22:53:03.892, 46.94 W
2026/09/01 22:53:04.893, 49.46 W
2026/09/01 22:53:05.893, 47.23 W
2026/09/01 22:53:06.893, 49.01 W
2026/09/01 22:53:07.894, 48.37 W
2026/09/01 22:53:08.894, 47.97 W
2026/09/01 22:53:09.895, 49.47 W
2026/09/01 22:53:10.895, 47.37 W
2026/09/01 22:53:11.896, 49.47 W
2026/09/01 22:53:12.896, 47.19 W
2026/09/01 22:53:13.897, 49.40 W
2026/09/01 22:53:14.897, 47.28 W
2026/09/01 22:53:15.897, 48.64 W
2026/09/01 22:53:16.898, 48.47 W
2026/09/01 22:53:17.898, 47.29 W
2026/09/01 22:53:18.899, 49.15 W
2026/09/01 22:53:19.899, 47.13 W
2026/09/01 22:53:20.899, 49.44 W
2026/09/01 22:53:21.900, 47.45 W
2026/09/01 22:53:22.900, 49.40 W
2026/09/01 22:53:23.901, 47.81 W
2026/09/01 22:53:24.901, 48.82 W
2026/09/01 22:53:25.902, 48.98 W
2026/09/01 22:53:26.902, 47.58 W
2026/09/01 22:53:27.903, 49.29 W
2026/09/01 22:53:28.903, 47.34 W
2026/09/01 22:53:29.904, 49.37 W
2026/09/01 22:53:30.904, 47.35 W
2026/09/01 22:53:31.904, 49.25 W
2026/09/01 22:53:32.905, 47.78 W
2026/09/01 22:53:33.905, 48.15 W
2026/09/01 22:53:34.905, 49.16 W
2026/09/01 22:53:35.905, 47.28 W
2026/09/01 22:53:36.906, 49.31 W
2026/09/01 22:53:37.906, 47.26 W
2026/09/01 22:53:38.906, 49.30 W
2026/09/01 22:53:39.906, 47.06 W
2026/09/01 22:53:40.906, 49.25 W
2026/09/01 22:53:41.906, 48.12 W
2026/09/01 22:53:42.907, 48.01 W
2026/09/01 22:53:43.907, 49.15 W
2026/09/01 22:53:44.907, 46.92 W
2026/09/01 22:53:45.907, 49.17 W
2026/09/01 22:53:46.908, 46.45 W
2026/09/01 22:53:47.908, 49.26 W
2026/09/01 22:53:48.908, 47.09 W
2026/09/01 22:53:49.908, 48.79 W
2026/09/01 22:53:50.908, 48.32 W
2026/09/01 22:53:51.909, 48.04 W
2026/09/01 22:53:52.909, 49.26 W
2026/09/01 22:53:53.909, 47.19 W
2026/09/01 22:53:54.910, 49.27 W
2026/09/01 22:53:55.910, 47.21 W
2026/09/01 22:53:56.910, 49.12 W
2026/09/01 22:53:57.911, 47.21 W
2026/09/01 22:53:58.911, 48.79 W
2026/09/01 22:53:59.911, 48.49 W
2026/09/01 22:54:00.911, 47.33 W
2026/09/01 22:54:01.911, 48.97 W
2026/09/01 22:54:02.912, 47.17 W
2026/09/01 22:54:03.912, 49.05 W
2026/09/01 22:54:04.913, 47.00 W
2026/09/01 22:54:05.913, 49.24 W
2026/09/01 22:54:06.913, 47.56 W
2026/09/01 22:54:07.913, 48.28 W
2026/09/01 22:54:08.913, 48.82 W
2026/09/01 22:54:09.914, 47.18 W
2026/09/01 22:54:10.914, 49.24 W
2026/09/01 22:54:11.914, 46.91 W
2026/09/01 22:54:12.914, 49.16 W
2026/09/01 22:54:13.915, 47.18 W
2026/09/01 22:54:14.915, 49.23 W
2026/09/01 22:54:15.915, 47.99 W
2026/09/01 22:54:16.916, 48.36 W
2026/09/01 22:54:17.916, 49.01 W
2026/09/01 22:54:18.917, 46.98 W
2026/09/01 22:54:19.917, 48.99 W
2026/09/01 22:54:20.917, 47.00 W
2026/09/01 22:54:21.918, 49.27 W
2026/09/01 22:54:22.918, 46.93 W
2026/09/01 22:54:23.919, 49.15 W
2026/09/01 22:54:24.919, 48.07 W
2026/09/01 22:54:25.919, 47.78 W
2026/09/01 22:54:26.920, 49.00 W
2026/09/01 22:54:27.920, 47.00 W
2026/09/01 22:54:28.921, 48.94 W
2026/09/01 22:54:29.921, 46.83 W
2026/09/01 22:54:30.921, 49.17 W
2026/09/01 22:54:31.922, 47.23 W
2026/09/01 22:54:32.922, 48.78 W
2026/09/01 22:54:33.923, 48.40 W
2026/09/01 22:54:34.923, 47.13 W
2026/09/01 22:54:35.923, 49.20 W
2026/09/01 22:54:36.924, 46.95 W
2026/09/01 22:54:37.924, 49.15 W
2026/09/01 22:54:38.924, 47.08 W
2026/09/01 22:54:39.925, 49.10 W
2026/09/01 22:54:40.925, 47.38 W
2026/09/01 22:54:41.925, 48.09 W
2026/09/01 22:54:42.925, 48.70 W
2026/09/01 22:54:43.925, 47.04 W
2026/09/01 22:54:44.926, 49.18 W
2026/09/01 22:54:45.926, 46.95 W
2026/09/01 22:54:46.941, 49.23 W
2026/09/01 22:54:47.941, 47.13 W
2026/09/01 22:54:48.942, 49.18 W
2026/09/01 22:54:49.942, 47.89 W
2026/09/01 22:54:50.942, 48.12 W
2026/09/01 22:54:51.942, 49.10 W
2026/09/01 22:54:52.942, 47.00 W
2026/09/01 22:54:53.943, 49.17 W
2026/09/01 22:54:54.943, 47.13 W
2026/09/01 22:54:55.943, 49.20 W
2026/09/01 22:54:56.944, 47.15 W
2026/09/01 22:54:57.944, 49.10 W
2026/09/01 22:54:58.945, 47.99 W
2026/09/01 22:54:59.945, 47.63 W
2026/09/01 22:55:00.945, 48.88 W
2026/09/01 22:55:01.945, 47.10 W
2026/09/01 22:55:02.945, 49.12 W
2026/09/01 22:55:03.946, 46.87 W
2026/09/01 22:55:04.946, 49.11 W
2026/09/01 22:55:05.946, 46.98 W
2026/09/01 22:55:06.947, 49.10 W
2026/09/01 22:55:07.947, 47.87 W
2026/09/01 22:55:08.948, 47.65 W
2026/09/01 22:55:09.948, 48.97 W
2026/09/01 22:55:10.948, 46.99 W
2026/09/01 22:55:11.949, 48.93 W
2026/09/01 22:55:12.949, 46.64 W
2026/09/01 22:55:13.949, 49.16 W
2026/09/01 22:55:14.950, 47.16 W
2026/09/01 22:55:15.950, 48.49 W
2026/09/01 22:55:16.950, 48.22 W
2026/09/01 22:55:17.950, 47.67 W
2026/09/01 22:55:18.950, 49.06 W
2026/09/01 22:55:19.951, 46.73 W
2026/09/01 22:55:20.951, 48.83 W
2026/09/01 22:55:21.952, 46.75 W
2026/09/01 22:55:22.952, 48.99 W
2026/09/01 22:55:23.952, 47.37 W
2026/09/01 22:55:24.952, 48.17 W
2026/09/01 22:55:25.952, 48.40 W
2026/09/01 22:55:26.953, 47.23 W
2026/09/01 22:55:27.953, 49.07 W
2026/09/01 22:55:28.953, 47.11 W
2026/09/01 22:55:29.953, 49.06 W
2026/09/01 22:55:30.953, 47.06 W
2026/09/01 22:55:31.954, 49.01 W
2026/09/01 22:55:32.954, 47.62 W
2026/09/01 22:55:33.955, 48.33 W
2026/09/01 22:55:34.955, 48.80 W
2026/09/01 22:55:35.955, 46.96 W
2026/09/01 22:55:36.956, 48.83 W
2026/09/01 22:55:37.956, 46.98 W
2026/09/01 22:55:38.956, 49.06 W
2026/09/01 22:55:39.956, 47.01 W
2026/09/01 22:55:40.957, 48.80 W
2026/09/01 22:55:41.957, 47.83 W
2026/09/01 22:55:42.957, 47.95 W
2026/09/01 22:55:43.957, 49.00 W
2026/09/01 22:55:44.958, 46.96 W
2026/09/01 22:55:45.958, 49.05 W
2026/09/01 22:55:46.958, 46.81 W
2026/09/01 22:55:47.958, 49.01 W
2026/09/01 22:55:48.959, 46.98 W
2026/09/01 22:55:49.959, 48.44 W
2026/09/01 22:55:50.959, 48.09 W
2026/09/01 22:55:51.959, 47.10 W
2026/09/01 22:55:52.959, 48.87 W
2026/09/01 22:55:53.959, 46.69 W
2026/09/01 22:55:54.960, 48.88 W
2026/09/01 22:55:55.960, 46.49 W
2026/09/01 22:55:56.960, 49.03 W
2026/09/01 22:55:57.960, 47.36 W
2026/09/01 22:55:58.961, 48.20 W
2026/09/01 22:55:59.961, 48.39 W
2026/09/01 22:56:00.961, 47.01 W
2026/09/01 22:56:01.961, 48.98 W
2026/09/01 22:56:02.961, 46.79 W
2026/09/01 22:56:03.961, 48.88 W
2026/09/01 22:56:04.962, 46.87 W
2026/09/01 22:56:05.962, 48.88 W
2026/09/01 22:56:06.962, 47.43 W
2026/09/01 22:56:07.962, 47.58 W
2026/09/01 22:56:08.962, 48.49 W
2026/09/01 22:56:09.963, 46.97 W
2026/09/01 22:56:10.963, 49.04 W
2026/09/01 22:56:11.964, 46.77 W
2026/09/01 22:56:12.964, 49.05 W
2026/09/01 22:56:13.965, 46.78 W
2026/09/01 22:56:14.965, 48.70 W
2026/09/01 22:56:15.965, 47.93 W
2026/09/01 22:56:16.965, 47.51 W
2026/09/01 22:56:17.966, 48.95 W
2026/09/01 22:56:18.966, 47.00 W
2026/09/01 22:56:19.966, 48.95 W
2026/09/01 22:56:20.966, 46.71 W
2026/09/01 22:56:21.967, 48.96 W
2026/09/01 22:56:22.967, 47.10 W
2026/09/01 22:56:23.967, 48.55 W
2026/09/01 22:56:24.967, 48.10 W
2026/09/01 22:56:25.967, 47.26 W
2026/09/01 22:56:26.968, 48.96 W
2026/09/01 22:56:27.968, 45.96 W
2026/09/01 22:56:28.969, 45.71 W
2026/09/01 22:56:29.971, 46.00 W
2026/09/01 22:56:30.972, 46.27 W
2026/09/01 22:56:31.972, 46.07 W
2026/09/01 22:56:32.972, 46.25 W
2026/09/01 22:56:33.973, 46.13 W
2026/09/01 22:56:34.973, 46.23 W
2026/09/01 22:56:35.973, 46.16 W
2026/09/01 22:56:36.974, 46.37 W
2026/09/01 22:56:37.974, 46.19 W
2026/09/01 22:56:38.975, 45.98 W
2026/09/01 22:56:39.975, 45.67 W
2026/09/01 22:56:40.975, 48.46 W
2026/09/01 22:56:41.975, 62.91 W
2026/09/01 22:56:42.976, 62.01 W
2026/09/01 22:56:43.977, 63.41 W
2026/09/01 22:56:44.977, 63.16 W
2026/09/01 22:56:45.977, 59.52 W
2026/09/01 22:56:46.978, 60.58 W
2026/09/01 22:56:47.978, 60.45 W
2026/09/01 22:56:48.978, 59.99 W
2026/09/01 22:56:49.978, 60.87 W
2026/09/01 22:56:50.979, 61.43 W
2026/09/01 22:56:51.979, 58.71 W
2026/09/01 22:56:52.979, 56.58 W
2026/09/01 22:56:53.980, 56.86 W
2026/09/01 22:56:54.980, 56.80 W
2026/09/01 22:56:55.980, 56.49 W
2026/09/01 22:56:56.981, 56.97 W
2026/09/01 22:56:57.981, 57.01 W
2026/09/01 22:56:58.981, 56.86 W
2026/09/01 22:56:59.981, 56.78 W
2026/09/01 22:57:00.982, 56.72 W
2026/09/01 22:57:01.982, 57.57 W
2026/09/01 22:57:02.982, 57.49 W
2026/09/01 22:57:03.983, 57.87 W
2026/09/01 22:57:04.983, 57.24 W
2026/09/01 22:57:05.983, 57.99 W
2026/09/01 22:57:06.983, 57.30 W
2026/09/01 22:57:07.984, 57.97 W
2026/09/01 22:57:08.984, 56.96 W
2026/09/01 22:57:09.984, 57.54 W
2026/09/01 22:57:10.985, 61.66 W
2026/09/01 22:57:11.985, 65.92 W
2026/09/01 22:57:12.986, 65.68 W
2026/09/01 22:57:13.986, 65.71 W
2026/09/01 22:57:14.986, 65.73 W
2026/09/01 22:57:15.986, 65.71 W
2026/09/01 22:57:16.987, 65.92 W
2026/09/01 22:57:17.987, 65.74 W
2026/09/01 22:57:18.987, 65.77 W
2026/09/01 22:57:19.988, 65.91 W
2026/09/01 22:57:20.988, 62.74 W
2026/09/01 22:57:21.988, 50.65 W
2026/09/01 22:57:22.989, 50.44 W
2026/09/01 22:57:23.989, 50.37 W
2026/09/01 22:57:24.989, 50.58 W
2026/09/01 22:57:25.989, 60.94 W
2026/09/01 22:57:26.990, 65.96 W
2026/09/01 22:57:27.990, 66.01 W
2026/09/01 22:57:28.990, 66.03 W
2026/09/01 22:57:29.990, 66.08 W
2026/09/01 22:57:30.991, 66.25 W
2026/09/01 22:57:31.991, 66.18 W
2026/09/01 22:57:32.991, 66.19 W
2026/09/01 22:57:33.991, 65.99 W
2026/09/01 22:57:34.992, 66.16 W
2026/09/01 22:57:35.992, 66.22 W
2026/09/01 22:57:36.992, 66.26 W
2026/09/01 22:57:37.992, 56.51 W
2026/09/01 22:57:38.993, 51.03 W
2026/09/01 22:57:39.993, 51.27 W
2026/09/01 22:57:40.993, 51.22 W
2026/09/01 22:57:41.993, 54.75 W
2026/09/01 22:57:42.994, 65.63 W
2026/09/01 22:57:43.994, 65.53 W
2026/09/01 22:57:44.994, 65.89 W
2026/09/01 22:57:45.994, 65.71 W
2026/09/01 22:57:46.995, 60.37 W
2026/09/01 22:57:47.995, 56.81 W
2026/09/01 22:57:48.995, 66.79 W
2026/09/01 22:57:49.996, 66.84 W
2026/09/01 22:57:50.996, 66.91 W
2026/09/01 22:57:51.996, 67.11 W
2026/09/01 22:57:52.997, 65.17 W
2026/09/01 22:57:53.997, 55.93 W
2026/09/01 22:57:54.997, 63.06 W
2026/09/01 22:57:55.997, 63.37 W
2026/09/01 22:57:56.998, 63.38 W
2026/09/01 22:57:57.998, 63.28 W
2026/09/01 22:57:58.998, 60.38 W
2026/09/01 22:57:59.999, 64.11 W
2026/09/01 22:58:00.999, 66.30 W
2026/09/01 22:58:02.000, 66.29 W
2026/09/01 22:58:03.000, 65.99 W
2026/09/01 22:58:04.000, 60.78 W
2026/09/01 22:58:05.001, 65.51 W
2026/09/01 22:58:06.001, 60.39 W
2026/09/01 22:58:07.001, 53.18 W
2026/09/01 22:58:08.002, 52.39 W
2026/09/01 22:58:09.002, 60.75 W
2026/09/01 22:58:10.002, 62.04 W
2026/09/01 22:58:11.002, 61.84 W
2026/09/01 22:58:12.003, 56.15 W
2026/09/01 22:58:13.003, 50.26 W
2026/09/01 22:58:14.003, 50.22 W
2026/09/01 22:58:15.004, 50.15 W
2026/09/01 22:58:16.004, 50.08 W
2026/09/01 22:58:17.004, 49.85 W
2026/09/01 22:58:18.004, 50.07 W
2026/09/01 22:58:19.004, 50.09 W
2026/09/01 22:58:20.005, 49.93 W
2026/09/01 22:58:21.005, 49.91 W
2026/09/01 22:58:22.005, 55.91 W
2026/09/01 22:58:23.005, 57.93 W
2026/09/01 22:58:24.006, 58.47 W
2026/09/01 22:58:25.006, 58.02 W
2026/09/01 22:58:26.006, 58.56 W
2026/09/01 22:58:27.006, 57.80 W
2026/09/01 22:58:28.007, 58.89 W
2026/09/01 22:58:29.007, 58.14 W
2026/09/01 22:58:30.007, 58.71 W
2026/09/01 22:58:31.007, 56.27 W
2026/09/01 22:58:32.007, 51.45 W
2026/09/01 22:58:33.008, 49.37 W
2026/09/01 22:58:34.008, 49.56 W
2026/09/01 22:58:35.008, 49.49 W
2026/09/01 22:58:36.025, 49.23 W
2026/09/01 22:58:37.025, 49.42 W
2026/09/01 22:58:38.025, 49.30 W
2026/09/01 22:58:39.026, 49.31 W
2026/09/01 22:58:40.026, 49.37 W
2026/09/01 22:58:41.026, 49.35 W
2026/09/01 22:58:42.026, 49.32 W
2026/09/01 22:58:43.026, 52.17 W
2026/09/01 22:58:44.027, 53.45 W
2026/09/01 22:58:45.027, 53.38 W
2026/09/01 22:58:46.027, 53.34 W
2026/09/01 22:58:47.027, 53.29 W
2026/09/01 22:58:48.028, 53.27 W
2026/09/01 22:58:49.028, 53.25 W
2026/09/01 22:58:50.028, 53.29 W
2026/09/01 22:58:51.029, 53.30 W
2026/09/01 22:58:52.029, 53.34 W
2026/09/01 22:58:53.029, 53.26 W
2026/09/01 22:58:54.029, 52.94 W
2026/09/01 22:58:55.029, 53.24 W
2026/09/01 22:58:56.030, 53.28 W
2026/09/01 22:58:57.030, 53.25 W
2026/09/01 22:58:58.030, 53.24 W
2026/09/01 22:58:59.030, 53.26 W
2026/09/01 22:59:00.030, 53.31 W
2026/09/01 22:59:01.031, 53.19 W
2026/09/01 22:59:02.031, 53.13 W
2026/09/01 22:59:03.031, 50.21 W
2026/09/01 22:59:04.031, 49.31 W
2026/09/01 22:59:05.032, 49.29 W
2026/09/01 22:59:06.032, 49.25 W
2026/09/01 22:59:07.032, 48.46 W
2026/09/01 22:59:08.032, 49.34 W
2026/09/01 22:59:09.032, 58.17 W
2026/09/01 22:59:10.033, 66.07 W
2026/09/01 22:59:11.033, 66.32 W
2026/09/01 22:59:12.033, 66.11 W
2026/09/01 22:59:13.033, 66.44 W
2026/09/01 22:59:14.033, 66.38 W
2026/09/01 22:59:15.034, 66.29 W
2026/09/01 22:59:16.034, 66.61 W
2026/09/01 22:59:17.034, 66.59 W
2026/09/01 22:59:18.034, 67.09 W
2026/09/01 22:59:19.034, 66.90 W
2026/09/01 22:59:20.034, 67.07 W
2026/09/01 22:59:21.035, 58.05 W
2026/09/01 22:59:22.035, 52.22 W
2026/09/01 22:59:23.035, 52.15 W
2026/09/01 22:59:24.035, 52.08 W
2026/09/01 22:59:25.035, 51.90 W
2026/09/01 22:59:26.036, 51.78 W
2026/09/01 22:59:27.036, 49.85 W
2026/09/01 22:59:28.036, 49.82 W
2026/09/01 22:59:29.036, 49.73 W
2026/09/01 22:59:30.036, 49.69 W
2026/09/01 22:59:31.053, 49.54 W
2026/09/01 22:59:32.054, 49.67 W
2026/09/01 22:59:33.054, 49.82 W
2026/09/01 22:59:34.055, 49.74 W
2026/09/01 22:59:35.055, 49.65 W
2026/09/01 22:59:36.055, 49.63 W
2026/09/01 22:59:37.056, 49.60 W
2026/09/01 22:59:38.056, 49.64 W
2026/09/01 22:59:39.056, 49.67 W
2026/09/01 22:59:40.057, 49.65 W
2026/09/01 22:59:41.057, 49.69 W
2026/09/01 22:59:42.057, 49.64 W
2026/09/01 22:59:43.057, 49.56 W
2026/09/01 22:59:44.058, 49.58 W
2026/09/01 22:59:45.058, 49.62 W
2026/09/01 22:59:46.059, 49.61 W
2026/09/01 22:59:47.059, 49.63 W
2026/09/01 22:59:48.059, 49.53 W
2026/09/01 22:59:49.059, 49.48 W
2026/09/01 22:59:50.059, 49.37 W
2026/09/01 22:59:51.060, 49.40 W
2026/09/01 22:59:52.060, 49.54 W
2026/09/01 22:59:53.060, 49.48 W
2026/09/01 22:59:54.060, 49.47 W
2026/09/01 22:59:55.061, 49.58 W
2026/09/01 22:59:56.061, 49.49 W
2026/09/01 22:59:57.062, 49.48 W
2026/09/01 22:59:58.063, 49.45 W
2026/09/01 22:59:59.063, 49.49 W
2026/09/01 23:00:00.063, 49.43 W
2026/09/01 23:00:01.064, 49.42 W
2026/09/01 23:00:02.064, 49.35 W
2026/09/01 23:00:03.064, 49.40 W
2026/09/01 23:00:04.065, 49.37 W
2026/09/01 23:00:05.065, 49.40 W
2026/09/01 23:00:06.065, 49.38 W
2026/09/01 23:00:07.065, 49.40 W
2026/09/01 23:00:08.065, 49.43 W
2026/09/01 23:00:09.066, 49.39 W
2026/09/01 23:00:10.066, 49.24 W
2026/09/01 23:00:11.066, 49.35 W
2026/09/01 23:00:12.066, 49.39 W
2026/09/01 23:00:13.067, 49.40 W
2026/09/01 23:00:14.067, 49.35 W
2026/09/01 23:00:15.067, 49.37 W
2026/09/01 23:00:16.067, 49.27 W
2026/09/01 23:00:17.068, 49.21 W
2026/09/01 23:00:18.068, 49.23 W
2026/09/01 23:00:19.068, 49.24 W
2026/09/01 23:00:20.068, 48.26 W
2026/09/01 23:00:21.069, 49.37 W
2026/09/01 23:00:22.069, 49.43 W
2026/09/01 23:00:23.069, 49.41 W
2026/09/01 23:00:24.069, 49.37 W
2026/09/01 23:00:25.070, 49.21 W
2026/09/01 23:00:26.070, 49.30 W
2026/09/01 23:00:27.070, 58.26 W
2026/09/01 23:00:28.070, 66.62 W
2026/09/01 23:00:29.071, 67.06 W
2026/09/01 23:00:30.071, 67.22 W
2026/09/01 23:00:31.072, 67.20 W
2026/09/01 23:00:32.072, 62.36 W
2026/09/01 23:00:33.072, 54.31 W
2026/09/01 23:00:34.072, 51.36 W
2026/09/01 23:00:35.073, 49.53 W
2026/09/01 23:00:36.073, 49.54 W
2026/09/01 23:00:37.073, 49.45 W
2026/09/01 23:00:38.073, 49.43 W
2026/09/01 23:00:39.074, 49.48 W
2026/09/01 23:00:40.074, 49.42 W
2026/09/01 23:00:41.074, 49.39 W
2026/09/01 23:00:42.074, 49.44 W
2026/09/01 23:00:43.075, 49.43 W
2026/09/01 23:00:44.075, 49.40 W
2026/09/01 23:00:45.075, 49.38 W
2026/09/01 23:00:46.075, 49.35 W
2026/09/01 23:00:47.076, 49.28 W
2026/09/01 23:00:48.076, 49.39 W
2026/09/01 23:00:49.076, 51.12 W
2026/09/01 23:00:50.076, 65.21 W
2026/09/01 23:00:51.077, 66.25 W
2026/09/01 23:00:52.077, 66.26 W
2026/09/01 23:00:53.077, 65.56 W
2026/09/01 23:00:54.077, 56.20 W
2026/09/01 23:00:55.078, 51.88 W
2026/09/01 23:00:56.078, 51.84 W
2026/09/01 23:00:57.078, 51.70 W
2026/09/01 23:00:58.079, 51.14 W
2026/09/01 23:00:59.079, 50.99 W
2026/09/01 23:01:00.079, 51.00 W
2026/09/01 23:01:01.079, 50.95 W
2026/09/01 23:01:02.080, 50.65 W
2026/09/01 23:01:03.080, 52.51 W
2026/09/01 23:01:04.080, 52.44 W
2026/09/01 23:01:05.080, 50.70 W
2026/09/01 23:01:06.080, 50.71 W
2026/09/01 23:01:07.081, 50.69 W
2026/09/01 23:01:08.081, 52.47 W
2026/09/01 23:01:09.081, 52.40 W
2026/09/01 23:01:10.082, 50.58 W
2026/09/01 23:01:11.082, 50.81 W
2026/09/01 23:01:12.082, 50.53 W
2026/09/01 23:01:13.082, 52.41 W
2026/09/01 23:01:14.083, 52.61 W
2026/09/01 23:01:15.083, 50.85 W
2026/09/01 23:01:16.083, 50.86 W
2026/09/01 23:01:17.083, 50.58 W
2026/09/01 23:01:18.084, 52.16 W
2026/09/01 23:01:19.084, 52.54 W
2026/09/01 23:01:20.084, 50.30 W
2026/09/01 23:01:21.084, 51.18 W
2026/09/01 23:01:22.085, 50.31 W
2026/09/01 23:01:23.085, 50.43 W
2026/09/01 23:01:24.085, 50.39 W
2026/09/01 23:01:25.085, 49.29 W
2026/09/01 23:01:26.086, 49.49 W
2026/09/01 23:01:27.086, 50.48 W
2026/09/01 23:01:28.086, 49.78 W
2026/09/01 23:01:29.087, 49.99 W
2026/09/01 23:01:30.087, 50.38 W
2026/09/01 23:01:31.087, 49.26 W
2026/09/01 23:01:32.088, 49.74 W
2026/09/01 23:01:33.088, 50.54 W
2026/09/01 23:01:34.088, 49.29 W
2026/09/01 23:01:35.088, 50.50 W
2026/09/01 23:01:36.088, 50.48 W
2026/09/01 23:01:37.105, 50.29 W
2026/09/01 23:01:38.105, 49.37 W
2026/09/01 23:01:39.105, 50.50 W
2026/09/01 23:01:40.106, 50.49 W
2026/09/01 23:01:41.106, 49.17 W
2026/09/01 23:01:42.106, 50.39 W
2026/09/01 23:01:43.106, 50.50 W
2026/09/01 23:01:44.106, 49.66 W
2026/09/01 23:01:45.107, 50.12 W
2026/09/01 23:01:46.107, 50.47 W
2026/09/01 23:01:47.124, 50.02 W
2026/09/01 23:01:48.124, 49.31 W
2026/09/01 23:01:49.124, 50.40 W
2026/09/01 23:01:50.124, 50.42 W
2026/09/01 23:01:51.125, 50.45 W
2026/09/01 23:01:52.125, 49.15 W
2026/09/01 23:01:53.125, 50.36 W
2026/09/01 23:01:54.125, 50.33 W
2026/09/01 23:01:55.126, 49.17 W
2026/09/01 23:01:56.126, 50.21 W
2026/09/01 23:01:57.126, 50.44 W
2026/09/01 23:01:58.126, 49.35 W
2026/09/01 23:01:59.126, 50.31 W
2026/09/01 23:02:00.127, 50.42 W
2026/09/01 23:02:01.127, 49.75 W
2026/09/01 23:02:02.127, 49.41 W
2026/09/01 23:02:03.127, 50.32 W
2026/09/01 23:02:04.127, 50.44 W
2026/09/01 23:02:05.128, 50.35 W
2026/09/01 23:02:06.128, 50.35 W
2026/09/01 23:02:07.128, 49.33 W
2026/09/01 23:02:08.129, 51.03 W
2026/09/01 23:02:09.129, 51.23 W
2026/09/01 23:02:10.129, 50.15 W
2026/09/01 23:02:11.129, 51.18 W
2026/09/01 23:02:12.129, 50.60 W
2026/09/01 23:02:13.129, 51.00 W
2026/09/01 23:02:14.130, 51.38 W
2026/09/01 23:02:15.130, 49.98 W
2026/09/01 23:02:16.130, 51.27 W
2026/09/01 23:02:17.130, 51.08 W
2026/09/01 23:02:18.130, 50.47 W
2026/09/01 23:02:19.131, 52.32 W
2026/09/01 23:02:20.131, 52.57 W
2026/09/01 23:02:21.131, 50.86 W
2026/09/01 23:02:22.131, 52.45 W
2026/09/01 23:02:23.132, 52.33 W
2026/09/01 23:02:24.132, 50.87 W
2026/09/01 23:02:25.132, 52.37 W
2026/09/01 23:02:26.132, 52.73 W
2026/09/01 23:02:27.132, 51.06 W
2026/09/01 23:02:28.132, 52.55 W
2026/09/01 23:02:29.149, 52.20 W
2026/09/01 23:02:30.149, 52.39 W
2026/09/01 23:02:31.150, 51.98 W
2026/09/01 23:02:32.150, 51.28 W
2026/09/01 23:02:33.150, 52.26 W
2026/09/01 23:02:34.150, 52.50 W
2026/09/01 23:02:35.150, 50.81 W
2026/09/01 23:02:36.151, 52.33 W
2026/09/01 23:02:37.151, 52.17 W
2026/09/01 23:02:38.151, 51.22 W
2026/09/01 23:02:39.151, 52.04 W
2026/09/01 23:02:40.152, 52.43 W
2026/09/01 23:02:41.152, 50.79 W
2026/09/01 23:02:42.152, 52.37 W
2026/09/01 23:02:43.152, 52.08 W
2026/09/01 23:02:44.153, 52.46 W
2026/09/01 23:02:45.153, 52.05 W
2026/09/01 23:02:46.153, 51.25 W
2026/09/01 23:02:47.154, 52.13 W
2026/09/01 23:02:48.154, 52.46 W
2026/09/01 23:02:49.154, 50.76 W
2026/09/01 23:02:50.154, 51.75 W
2026/09/01 23:02:51.154, 50.93 W
2026/09/01 23:02:52.155, 49.57 W
2026/09/01 23:02:53.155, 50.87 W
2026/09/01 23:02:54.155, 50.49 W
2026/09/01 23:02:55.155, 49.75 W
2026/09/01 23:02:56.155, 50.81 W
2026/09/01 23:02:57.156, 50.67 W
2026/09/01 23:02:58.156, 50.80 W
2026/09/01 23:02:59.156, 49.55 W
2026/09/01 23:03:00.156, 50.77 W
2026/09/01 23:03:01.156, 50.12 W
2026/09/01 23:03:02.157, 49.64 W
2026/09/01 23:03:03.157, 50.71 W
2026/09/01 23:03:04.157, 50.05 W
2026/09/01 23:03:05.158, 49.72 W
2026/09/01 23:03:06.158, 50.76 W
2026/09/01 23:03:07.158, 50.14 W
2026/09/01 23:03:08.158, 49.62 W
2026/09/01 23:03:09.158, 50.71 W
2026/09/01 23:03:10.159, 50.63 W
2026/09/01 23:03:11.159, 49.85 W
2026/09/01 23:03:12.159, 50.06 W
2026/09/01 23:03:13.160, 50.21 W
2026/09/01 23:03:14.160, 49.50 W
2026/09/01 23:03:15.160, 50.52 W
2026/09/01 23:03:16.161, 50.59 W
2026/09/01 23:03:17.161, 49.44 W
2026/09/01 23:03:18.161, 50.58 W
2026/09/01 23:03:19.161, 49.34 W
2026/09/01 23:03:20.162, 50.19 W
2026/09/01 23:03:21.162, 50.61 W
2026/09/01 23:03:22.162, 50.68 W
2026/09/01 23:03:23.162, 49.71 W
2026/09/01 23:03:24.163, 49.92 W
2026/09/01 23:03:25.163, 50.73 W
2026/09/01 23:03:26.163, 50.49 W
2026/09/01 23:03:27.164, 49.45 W
2026/09/01 23:03:28.164, 50.72 W
2026/09/01 23:03:29.164, 50.76 W
2026/09/01 23:03:30.164, 49.33 W
2026/09/01 23:03:31.164, 50.69 W
2026/09/01 23:03:32.165, 50.75 W
2026/09/01 23:03:33.165, 50.20 W
2026/09/01 23:03:34.165, 49.51 W
2026/09/01 23:03:35.165, 50.62 W
2026/09/01 23:03:36.165, 50.69 W
2026/09/01 23:03:37.166, 50.45 W
2026/09/01 23:03:38.166, 49.47 W
2026/09/01 23:03:39.166, 50.45 W
2026/09/01 23:03:40.166, 50.64 W
2026/09/01 23:03:41.166, 50.53 W
2026/09/01 23:03:42.167, 49.38 W
2026/09/01 23:03:43.167, 50.63 W
2026/09/01 23:03:44.167, 50.43 W
2026/09/01 23:03:45.168, 49.52 W
2026/09/01 23:03:46.168, 50.64 W
2026/09/01 23:03:47.168, 49.93 W
2026/09/01 23:03:48.168, 49.65 W
2026/09/01 23:03:49.169, 50.61 W
2026/09/01 23:03:50.169, 50.71 W
2026/09/01 23:03:51.169, 50.11 W
2026/09/01 23:03:52.169, 49.92 W
2026/09/01 23:03:53.170, 50.61 W
2026/09/01 23:03:54.170, 50.67 W
2026/09/01 23:03:55.170, 49.30 W
2026/09/01 23:03:56.171, 50.71 W
2026/09/01 23:03:57.171, 50.70 W
2026/09/01 23:03:58.171, 49.57 W
2026/09/01 23:03:59.171, 50.47 W
2026/09/01 23:04:00.172, 50.71 W
2026/09/01 23:04:01.172, 49.56 W
2026/09/01 23:04:02.189, 50.58 W
2026/09/01 23:04:03.189, 50.76 W
2026/09/01 23:04:04.189, 50.83 W
2026/09/01 23:04:05.190, 49.53 W
2026/09/01 23:04:06.190, 50.25 W
2026/09/01 23:04:07.190, 50.43 W
2026/09/01 23:04:08.190, 49.01 W
2026/09/01 23:04:09.191, 50.58 W
2026/09/01 23:04:10.191, 50.66 W
2026/09/01 23:04:11.191, 49.56 W
2026/09/01 23:04:12.191, 50.88 W
2026/09/01 23:04:13.191, 50.51 W
2026/09/01 23:04:14.192, 49.19 W
2026/09/01 23:04:15.192, 51.04 W
2026/09/01 23:04:16.192, 50.92 W
2026/09/01 23:04:17.192, 50.86 W
2026/09/01 23:04:18.193, 51.01 W
2026/09/01 23:04:19.193, 50.03 W
2026/09/01 23:04:20.193, 51.12 W
2026/09/01 23:04:21.193, 50.93 W
2026/09/01 23:04:22.194, 50.49 W
2026/09/01 23:04:23.194, 50.63 W
2026/09/01 23:04:24.194, 50.91 W
2026/09/01 23:04:25.194, 51.13 W
2026/09/01 23:04:26.195, 49.88 W
2026/09/01 23:04:27.196, 51.05 W
2026/09/01 23:04:28.196, 51.06 W
2026/09/01 23:04:29.196, 50.74 W
2026/09/01 23:04:30.196, 50.20 W
2026/09/01 23:04:31.196, 51.02 W
2026/09/01 23:04:32.197, 51.02 W
2026/09/01 23:04:33.197, 51.24 W
2026/09/01 23:04:34.197, 50.22 W
2026/09/01 23:04:35.198, 50.88 W
2026/09/01 23:04:36.198, 50.71 W
2026/09/01 23:04:37.198, 50.87 W
2026/09/01 23:04:38.198, 49.77 W
2026/09/01 23:04:39.198, 51.13 W
2026/09/01 23:04:40.198, 51.28 W
2026/09/01 23:04:41.199, 50.26 W
2026/09/01 23:04:42.199, 51.10 W
2026/09/01 23:04:43.199, 51.40 W
2026/09/01 23:04:44.199, 50.34 W
2026/09/01 23:04:45.200, 51.39 W
2026/09/01 23:04:46.200, 51.13 W
2026/09/01 23:04:47.200, 51.39 W
2026/09/01 23:04:48.200, 50.15 W
2026/09/01 23:04:49.201, 51.15 W
2026/09/01 23:04:50.201, 50.95 W
2026/09/01 23:04:51.201, 50.02 W
2026/09/01 23:04:52.201, 51.16 W
2026/09/01 23:04:53.202, 51.02 W
2026/09/01 23:04:54.202, 49.99 W
2026/09/01 23:04:55.202, 51.11 W
2026/09/01 23:04:56.202, 51.15 W
2026/09/01 23:04:57.203, 49.79 W
2026/09/01 23:04:58.203, 51.04 W
2026/09/01 23:04:59.203, 51.09 W
2026/09/01 23:05:00.203, 51.04 W
2026/09/01 23:05:01.203, 49.64 W
2026/09/01 23:05:02.204, 50.96 W
2026/09/01 23:05:03.204, 50.98 W
2026/09/01 23:05:04.204, 49.22 W
2026/09/01 23:05:05.204, 51.10 W
2026/09/01 23:05:06.204, 50.27 W
2026/09/01 23:05:07.205, 50.37 W
2026/09/01 23:05:08.205, 50.83 W
2026/09/01 23:05:09.205, 49.75 W
2026/09/01 23:05:10.205, 50.40 W
2026/09/01 23:05:11.206, 51.06 W
2026/09/01 23:05:12.206, 50.90 W
2026/09/01 23:05:13.206, 51.05 W
2026/09/01 23:05:14.206, 50.11 W
2026/09/01 23:05:15.207, 50.94 W
2026/09/01 23:05:16.207, 51.17 W
2026/09/01 23:05:17.208, 49.91 W
2026/09/01 23:05:18.208, 51.09 W
2026/09/01 23:05:19.208, 50.90 W
2026/09/01 23:05:20.208, 49.92 W
2026/09/01 23:05:21.208, 51.06 W
2026/09/01 23:05:22.209, 51.12 W
2026/09/01 23:05:23.209, 49.90 W
2026/09/01 23:05:24.209, 51.28 W
2026/09/01 23:05:25.209, 51.34 W
2026/09/01 23:05:26.209, 51.13 W
2026/09/01 23:05:27.209, 51.26 W
2026/09/01 23:05:28.210, 51.37 W
2026/09/01 23:05:29.210, 51.20 W
2026/09/01 23:05:30.210, 50.11 W
2026/09/01 23:05:31.210, 51.40 W
2026/09/01 23:05:32.211, 51.37 W
2026/09/01 23:05:33.211, 50.14 W
2026/09/01 23:05:34.211, 51.16 W
2026/09/01 23:05:35.211, 51.42 W
2026/09/01 23:05:36.212, 50.27 W
2026/09/01 23:05:37.212, 51.18 W
2026/09/01 23:05:38.212, 51.51 W
2026/09/01 23:05:39.213, 50.71 W
2026/09/01 23:05:40.213, 51.17 W
2026/09/01 23:05:41.213, 51.36 W
2026/09/01 23:05:42.213, 51.67 W
2026/09/01 23:05:43.214, 51.62 W
2026/09/01 23:05:44.214, 51.68 W
2026/09/01 23:05:45.214, 50.40 W
2026/09/01 23:05:46.214, 51.23 W
2026/09/01 23:05:47.215, 51.21 W
2026/09/01 23:05:48.215, 49.96 W
2026/09/01 23:05:49.215, 50.88 W
2026/09/01 23:05:50.215, 50.99 W
2026/09/01 23:05:51.215, 49.82 W
2026/09/01 23:05:52.216, 50.68 W
2026/09/01 23:05:53.216, 51.02 W
2026/09/01 23:05:54.216, 50.12 W
2026/09/01 23:05:55.216, 50.42 W
2026/09/01 23:05:56.217, 50.71 W
2026/09/01 23:05:57.217, 50.61 W
2026/09/01 23:05:58.217, 50.56 W
2026/09/01 23:05:59.217, 50.44 W
2026/09/01 23:06:00.218, 48.54 W
2026/09/01 23:06:01.218, 50.54 W
2026/09/01 23:06:02.218, 50.27 W
2026/09/01 23:06:03.218, 49.08 W
2026/09/01 23:06:04.219, 50.03 W
2026/09/01 23:06:05.220, 50.03 W
2026/09/01 23:06:06.220, 48.33 W
2026/09/01 23:06:07.221, 49.91 W
2026/09/01 23:06:08.221, 49.92 W
2026/09/01 23:06:09.221, 48.81 W
2026/09/01 23:06:10.221, 49.54 W
2026/09/01 23:06:11.221, 49.56 W
2026/09/01 23:06:12.222, 49.62 W
2026/09/01 23:06:13.223, 48.33 W
2026/09/01 23:06:14.223, 49.13 W
2026/09/01 23:06:15.223, 49.14 W
2026/09/01 23:06:16.224, 48.17 W
2026/09/01 23:06:17.224, 49.08 W
2026/09/01 23:06:18.224, 49.11 W
2026/09/01 23:06:19.226, 47.94 W
2026/09/01 23:06:20.227, 48.92 W
2026/09/01 23:06:21.227, 48.95 W
2026/09/01 23:06:22.227, 47.95 W
2026/09/01 23:06:23.227, 48.73 W
2026/09/01 23:06:24.228, 48.65 W
2026/09/01 23:06:25.228, 48.70 W
2026/09/01 23:06:26.228, 48.63 W
2026/09/01 23:06:27.228, 48.26 W
2026/09/01 23:06:28.228, 47.91 W
2026/09/01 23:06:29.229, 48.54 W
2026/09/01 23:06:30.229, 47.99 W
2026/09/01 23:06:31.229, 47.58 W
2026/09/01 23:06:32.229, 48.47 W
2026/09/01 23:06:33.230, 47.39 W
2026/09/01 23:06:34.230, 48.15 W
2026/09/01 23:06:35.230, 48.22 W
2026/09/01 23:06:36.231, 47.17 W
2026/09/01 23:06:37.231, 48.10 W
2026/09/01 23:06:38.231, 48.13 W
2026/09/01 23:06:39.231, 48.15 W
2026/09/01 23:06:40.231, 47.16 W
2026/09/01 23:06:41.232, 47.60 W
2026/09/01 23:06:42.232, 48.06 W
2026/09/01 23:06:43.232, 47.55 W
2026/09/01 23:06:44.232, 47.00 W
2026/09/01 23:06:45.232, 47.68 W
2026/09/01 23:06:46.233, 47.85 W
2026/09/01 23:06:47.233, 46.86 W
2026/09/01 23:06:48.233, 47.67 W
2026/09/01 23:06:49.233, 47.81 W
2026/09/01 23:06:50.233, 46.78 W
2026/09/01 23:06:51.234, 47.76 W
2026/09/01 23:06:52.234, 47.44 W
2026/09/01 23:06:53.234, 47.67 W
2026/09/01 23:06:54.234, 46.27 W
2026/09/01 23:06:55.235, 47.64 W
2026/09/01 23:06:56.235, 50.89 W
2026/09/01 23:06:57.235, 57.09 W
2026/09/01 23:06:58.235, 58.03 W
2026/09/01 23:06:59.236, 58.21 W
2026/09/01 23:07:00.236, 56.65 W
2026/09/01 23:07:01.236, 58.26 W
2026/09/01 23:07:02.236, 57.70 W
2026/09/01 23:07:03.237, 57.26 W
2026/09/01 23:07:04.237, 58.40 W
2026/09/01 23:07:05.237, 58.65 W
2026/09/01 23:07:06.237, 58.85 W
2026/09/01 23:07:07.237, 56.79 W
2026/09/01 23:07:08.237, 58.21 W
2026/09/01 23:07:09.238, 58.20 W
2026/09/01 23:07:10.238, 56.60 W
2026/09/01 23:07:11.239, 58.22 W
2026/09/01 23:07:12.239, 57.82 W
2026/09/01 23:07:13.239, 56.43 W
2026/09/01 23:07:14.239, 58.23 W
2026/09/01 23:07:15.239, 56.49 W
2026/09/01 23:07:16.240, 53.55 W
2026/09/01 23:07:17.240, 46.24 W
